,grid3,positionorder3,points3,fastestlap3,fastestlapspeed3,qposition3,meanlaptime3,fastlaptime3,grid1,positionorder1,points1,fastestlap1,fastestlapspeed1,qposition1,meanlaptime1,fastlaptime1,grid2,positionorder2,points2,fastestlap2,fastestlapspeed2,qposition2,meanlaptime2,fastlaptime2,championship_points
0,2.0,1.0,10.0,38.0,208.153,2.0,95911.75438596492,93600.0,4.0,13.0,0.0,23.0,216.51,4.0,97659.86206896552,88175.0,1.0,19.0,0.0,15.0,208.048,1.0,97979.03333333334,95914.0,97.0
1,4.0,2.0,8.0,35.0,207.91099999999997,4.0,95970.33333333331,93709.0,15.0,8.0,1.0,20.0,217.18,16.0,99534.71698113206,87903.0,2.0,1.0,10.0,37.0,209.158,2.0,97831.33928571428,95405.0,75.0
2,1.0,3.0,6.0,55.0,207.765,1.0,95999.43859649124,93775.0,2.0,9.0,0.0,15.0,215.1,2.0,99290.74468085106,88753.0,4.0,2.0,8.0,39.0,208.033,6.0,98180.80357142855,95921.0,75.0
3,6.0,4.0,5.0,48.0,208.231,6.0,96059.28070175438,93565.0,5.0,2.0,8.0,41.0,217.58599999999998,5.0,98208.51724137928,87739.0,5.0,6.0,3.0,55.0,209.24400000000003,7.0,98721.21428571428,95366.0,60.0
4,5.0,5.0,4.0,49.0,209.062,5.0,96381.73684210527,93193.0,3.0,5.0,4.0,43.0,218.385,3.0,98424.65517241381,87418.0,8.0,3.0,6.0,19.0,208.03099999999998,3.0,98517.94642857145,95922.0,53.0
5,7.0,6.0,3.0,45.0,206.81900000000002,7.0,96636.56140350876,94204.0,6.0,15.0,0.0,18.0,213.75799999999998,6.0,95126.7894736842,89310.0,3.0,4.0,5.0,53.0,207.715,5.0,98649.76785714287,96068.0,31.0
6,11.0,7.0,2.0,51.0,206.597,11.0,96709.52631578947,94305.0,14.0,17.0,0.0,28.285370430818944,208.47064700424767,15.0,96920.21933611033,93018.92003886358,6.0,7.0,2.0,53.0,206.36599999999999,8.0,99047.94642857145,96696.0,21.0
7,8.0,8.0,1.0,57.0,207.109,8.0,96892.26315789473,94072.0,7.0,3.0,6.0,41.0,216.71900000000002,7.0,98254.81034482758,88090.0,16.0,14.0,0.0,55.0,206.18200000000002,16.0,100385.94545454544,96782.0,17.0
8,13.0,9.0,0.0,56.0,205.503,13.0,97131.05263157896,94807.0,18.0,10.0,0.0,23.0,213.166,9.0,96895.86046511628,89558.0,10.0,21.0,0.0,30.024448557543966,170.55098992022732,10.0,170790.0,170790.0,25.0
9,10.0,10.0,0.0,35.0,204.668,10.0,97265.80701754386,95194.0,11.0,4.0,5.0,58.0,215.46400000000003,12.0,98410.29310344828,88603.0,7.0,8.0,1.0,40.0,207.24,9.0,99082.07142857145,96288.0,61.0
10,12.0,11.0,0.0,40.0,205.399,12.0,97277.75438596492,94855.0,10.0,22.0,0.0,44.0,215.141,11.0,99018.43103448275,88736.0,14.0,13.0,0.0,55.0,206.372,14.0,100219.43636363637,96693.0,11.0
11,18.0,12.0,0.0,56.0,204.963,18.0,97650.82142857145,95057.0,16.0,21.0,0.0,37.878136764361116,214.18914694316948,17.0,98473.31053152526,89357.11271912242,17.0,12.0,0.0,52.0,205.8,17.0,100175.41818181818,96962.0,0.0
12,3.0,13.0,0.0,25.0,203.96900000000002,3.0,97906.85714285713,95520.0,1.0,1.0,10.0,39.0,218.3,1.0,98114.06896551725,87452.0,9.0,5.0,4.0,53.0,209.033,4.0,98662.55357142855,95462.0,98.0
13,16.0,14.0,0.0,30.0,204.155,16.0,97936.375,95433.0,13.0,6.0,3.0,50.0,212.97400000000002,14.0,100082.19298245614,89639.0,22.0,17.0,0.0,19.0,204.222,18.0,101798.72222222225,97711.0,9.0
14,15.0,15.0,0.0,33.0,204.36900000000003,15.0,98134.92857142855,95333.0,17.0,7.0,2.0,22.0,213.22400000000002,18.0,98864.38181818182,89534.0,18.0,22.0,0.0,37.18331762848106,205.9787400989849,19.0,99921.80800646674,96877.73293597886,0.0
15,21.0,16.0,0.0,45.0,204.389,21.0,98814.96428571428,95324.0,21.0,19.0,0.0,29.856479501854277,214.49052340926582,22.0,94316.22886095892,89021.99725074274,21.0,15.0,0.0,55.0,203.265,22.0,101260.50909090912,98171.0,0.0
16,22.0,17.0,0.0,56.0,203.18,22.0,98965.60714285713,95891.0,19.0,11.0,0.0,24.0,210.03799999999998,20.0,99014.0,90892.0,19.0,16.0,0.0,53.0,202.578,20.0,101595.07407407409,98504.0,0.0
17,17.0,18.0,0.0,43.0,204.331,17.0,99136.89285714287,95351.0,8.0,14.0,0.0,21.0,213.3,8.0,95462.88,89502.0,12.0,9.0,0.0,55.0,207.417,12.0,99192.41071428572,96206.0,8.0
18,20.0,19.0,0.0,55.0,204.136,20.0,100028.12727272726,95442.0,22.0,16.0,0.0,8.0,207.46099999999998,19.0,105505.875,92021.0,20.0,20.0,0.0,3.0,198.891,21.0,103760.2,100330.0,0.0
19,14.0,20.0,0.0,31.0,204.808,14.0,100168.875,95129.0,20.0,12.0,0.0,20.0,208.907,21.0,99643.6,91384.0,13.0,11.0,0.0,52.0,205.812,13.0,99477.80357142855,96956.0,19.0
20,9.0,21.0,0.0,11.0,202.68599999999998,9.0,103582.05263157896,96125.0,12.0,18.0,0.0,29.104470151531867,206.22971391280686,13.0,98511.57426431568,95667.84913275142,11.0,10.0,0.0,56.0,208.481,11.0,99370.875,95715.0,3.0
21,19.0,22.0,0.0,19.35455554512649,192.22287793414526,19.0,108240.13346308195,103008.86054421826,9.0,20.0,0.0,22.13452046774073,197.48776543324772,10.0,111535.9662696258,107049.28215393507,15.0,18.0,0.0,37.0,205.995,15.0,99910.10256410256,96870.0,35.0
22,1.0,1.0,10.0,42.0,207.12,1.0,98377.45614035089,94067.0,22.0,6.0,3.0,28.0,219.32299999999998,16.0,89578.87931034483,87044.0,1.0,5.0,4.0,42.0,205.298,1.0,99493.48214285713,97199.0,94.0
23,2.0,2.0,8.0,18.0,206.674,2.0,98418.8596491228,94270.0,4.0,3.0,6.0,20.0,221.083,4.0,88747.6724137931,86351.0,4.0,2.0,8.0,22.0,206.355,4.0,99151.55357142855,96701.0,109.0
24,3.0,3.0,6.0,39.0,206.483,3.0,98567.61403508774,94357.0,1.0,1.0,10.0,41.0,223.97799999999998,1.0,88427.06896551725,85235.0,3.0,3.0,6.0,40.0,205.237,3.0,99165.51785714287,97228.0,110.0
25,5.0,4.0,5.0,38.0,206.236,5.0,98620.1052631579,94470.0,3.0,4.0,5.0,37.0,220.137,3.0,89095.39655172414,86722.0,5.0,4.0,5.0,55.0,204.838,5.0,99441.19642857145,97417.0,61.0
26,4.0,5.0,4.0,46.0,206.34599999999998,4.0,98630.54385964911,94420.0,2.0,2.0,8.0,20.0,221.178,2.0,88551.93103448275,86314.0,2.0,1.0,10.0,42.0,206.014,2.0,98838.03571428572,96861.0,109.0
27,6.0,6.0,3.0,46.0,205.477,6.0,99176.2105263158,94819.0,5.0,20.0,0.0,19.0,220.34099999999998,5.0,89006.88888888889,86642.0,7.0,18.0,0.0,53.0,201.82,7.0,101804.63636363637,98874.0,39.0
28,9.0,7.0,2.0,40.0,204.75599999999997,9.0,99805.01754385963,95153.0,8.0,9.0,0.0,45.0,216.857,8.0,90590.22807017544,88034.0,8.0,7.0,2.0,40.0,203.58700000000002,8.0,100090.39285714287,98016.0,8.0
29,7.0,8.0,1.0,51.0,204.655,7.0,99810.80701754386,95200.0,6.0,5.0,4.0,18.0,219.707,6.0,89573.08620689654,86892.0,12.0,6.0,3.0,44.0,203.872,12.0,100010.14285714287,97879.0,21.0
30,12.0,9.0,0.0,27.0,204.065,12.0,99946.0701754386,95475.0,13.0,10.0,0.0,44.0,217.951,13.0,90598.42105263156,87592.0,11.0,8.0,1.0,41.0,204.015,11.0,100124.01785714287,97810.0,30.0
31,10.0,10.0,0.0,51.0,203.893,10.0,99954.9298245614,95556.0,12.0,7.0,2.0,40.0,220.14,12.0,90039.24561403508,86721.0,6.0,19.0,0.0,18.0,204.237,6.0,100181.0,97704.0,20.0
32,11.0,11.0,0.0,27.0,202.96599999999998,11.0,100337.60714285713,95992.0,15.0,18.0,0.0,24.0,216.196,15.0,90911.66666666669,88303.0,19.0,9.0,0.0,19.0,203.903,20.0,100443.82142857145,97864.0,13.0
33,14.0,12.0,0.0,37.0,203.278,14.0,100499.71428571428,95845.0,9.0,8.0,1.0,42.0,217.44400000000002,9.0,90455.64912280704,87796.0,9.0,15.0,0.0,52.0,201.07,9.0,101652.27272727274,99243.0,5.0
34,15.0,13.0,0.0,50.0,203.28400000000002,15.0,100823.39285714287,95842.0,16.0,11.0,0.0,17.0,216.699,17.0,90614.19298245614,88098.0,22.0,11.0,0.0,32.0,202.451,19.0,101169.83636363636,98566.0,0.0
35,22.0,14.0,0.0,40.0,200.477,22.0,102233.09090909091,97184.0,21.0,22.0,0.0,9.0,210.02200000000002,22.0,94102.0,90899.0,20.0,21.0,0.0,5.0,196.608,21.0,109255.42857142855,101495.0,0.0
36,20.0,15.0,0.0,45.0,201.33,20.0,106096.41509433962,96772.0,20.0,17.0,0.0,40.0,215.26,21.0,92927.33928571428,88687.0,21.0,22.0,0.0,36.99987202256612,205.9300665845678,22.0,100006.3028773081,96896.57218885778,1.0
37,13.0,16.0,0.0,27.0,202.715,13.0,100685.29411764706,96111.0,11.0,16.0,0.0,41.0,215.74200000000002,11.0,91636.03571428572,88489.0,18.0,16.0,0.0,32.0,200.417,18.0,101766.2181818182,99566.0,0.0
38,8.0,17.0,0.0,37.0,203.575,8.0,101317.14634146342,95705.0,7.0,13.0,0.0,21.0,218.178,7.0,91217.70175438595,87501.0,10.0,10.0,0.0,55.0,202.50400000000002,10.0,100508.67857142855,98540.0,10.0
39,21.0,18.0,0.0,34.0,204.26,21.0,102847.13888888886,95384.0,18.0,19.0,0.0,44.0,217.668,19.0,90922.8125,87706.0,13.0,20.0,0.0,28.0,203.416,13.0,100948.63888888886,98098.0,14.0
40,17.0,19.0,0.0,23.0,202.19299999999998,17.0,102081.58823529413,96359.0,10.0,12.0,0.0,20.0,215.74599999999998,10.0,90693.08771929824,88487.0,14.0,13.0,0.0,37.0,202.595,14.0,101340.65454545453,98496.0,4.0
41,18.0,20.0,0.0,23.0,203.537,18.0,110132.38461538461,95723.0,19.0,14.0,0.0,44.0,216.247,20.0,91339.71929824562,88282.0,16.0,17.0,0.0,21.0,202.695,16.0,101786.58181818182,98447.0,3.0
42,16.0,21.0,0.0,40.97596769066634,171.76555160916269,16.0,127018.17654392279,114278.29314639149,14.0,15.0,0.0,42.0,215.99099999999999,14.0,91364.8947368421,88387.0,15.0,12.0,0.0,54.0,202.262,15.0,101182.94545454544,98658.0,6.0
43,19.0,22.0,0.0,40.938764398963194,171.6103590524663,19.0,127110.44298024879,114368.76790651698,17.0,21.0,0.0,22.0,214.61599999999999,18.0,92191.07142857145,88953.0,17.0,14.0,0.0,54.0,201.364,17.0,101452.0181818182,99098.0,0.0
44,3.0,1.0,10.0,49.0,221.49900000000002,3.0,99436.31578947367,86189.0,4.0,1.0,10.0,21.0,210.551,4.0,94494.82456140351,92534.0,7.0,2.0,8.0,45.0,210.487,8.0,97234.17857142855,94803.0,134.0
45,4.0,2.0,8.0,57.0,221.86900000000003,4.0,99468.40350877194,86045.0,22.0,3.0,6.0,29.0,209.803,22.0,94834.47368421053,92864.0,6.0,22.0,0.0,37.0728922467033,206.07707224408702,7.0,99852.31825410097,96832.22426367323,65.0
46,6.0,3.0,6.0,45.0,217.41,6.0,99871.82456140351,87810.0,17.0,14.0,0.0,25.0,207.021,17.0,96866.57142857145,94112.0,22.0,8.0,1.0,34.0,208.544,10.0,98603.875,95686.0,20.0
47,8.0,4.0,5.0,49.0,217.683,8.0,99980.73684210527,87700.0,10.0,12.0,0.0,26.0,207.77200000000002,10.0,96363.03571428572,93772.0,11.0,15.0,0.0,41.0,208.403,15.0,98147.89583333331,95751.0,23.0
48,2.0,5.0,4.0,53.0,218.028,2.0,100110.36842105264,87561.0,9.0,21.0,0.0,15.0,206.56400000000002,9.0,100944.80952380953,94320.0,1.0,1.0,10.0,16.0,209.40200000000002,1.0,97152.30357142855,95294.0,72.0
49,19.0,6.0,3.0,56.0,216.15200000000002,9.0,100305.68421052633,88321.0,11.0,20.0,0.0,20.0,207.945,11.0,96194.65517241381,93694.0,10.0,7.0,2.0,43.0,207.858,14.0,98589.10714285713,96002.0,7.0
50,16.0,7.0,2.0,32.0,217.707,17.0,100346.91228070176,87690.0,6.0,15.0,0.0,14.0,207.62099999999998,6.0,97189.07142857145,93840.0,20.0,10.0,0.0,54.0,207.456,12.0,99149.49090909088,96188.0,30.0
51,11.0,8.0,1.0,32.0,216.326,12.0,100383.38596491226,88250.0,13.0,10.0,0.0,26.0,208.653,13.0,95820.1052631579,93376.0,19.0,20.0,0.0,4.0,203.458,11.0,100749.9,98078.0,14.0
52,18.0,9.0,0.0,26.0,216.03900000000002,19.0,100380.47368421053,88367.0,16.0,13.0,0.0,45.0,209.253,16.0,96461.44642857145,93108.0,12.0,16.0,0.0,25.0,205.05700000000002,17.0,100035.41463414633,97313.0,0.0
53,1.0,10.0,0.0,17.0,217.437,1.0,100277.46428571428,87799.0,3.0,4.0,5.0,39.0,210.109,3.0,94845.56140350876,92729.0,2.0,3.0,6.0,35.0,208.72299999999998,2.0,97324.28571428572,95604.0,56.0
54,17.0,11.0,0.0,53.0,213.93099999999998,18.0,102510.78571428572,89238.0,18.0,22.0,0.0,36.340305348849235,214.66839703156026,18.0,92208.357386096,89229.99760944114,15.0,12.0,0.0,34.0,203.209,19.0,101337.24074074074,98198.0,0.0
55,21.0,12.0,0.0,54.0,210.775,21.0,104484.83636363636,90574.0,20.0,18.0,0.0,17.0,200.642,20.0,103276.01886792453,97104.0,17.0,14.0,0.0,14.0,199.15099999999998,21.0,102955.83018867923,100199.0,0.0
56,22.0,13.0,0.0,49.0,203.66299999999998,22.0,106267.27777777775,93737.0,21.0,19.0,0.0,11.0,198.197,21.0,121724.85714285714,98302.0,18.0,17.0,0.0,18.0,194.05,22.0,106020.0,102833.0,0.0
57,5.0,14.0,0.0,45.0,218.27,5.0,105652.19565217392,87464.0,5.0,5.0,4.0,21.0,210.013,5.0,95144.7894736842,92771.0,5.0,4.0,5.0,39.0,208.80599999999998,6.0,97855.0,95566.0,26.0
58,20.0,15.0,0.0,31.0,212.86,20.0,107273.56410256412,89687.0,19.0,17.0,0.0,41.0,203.076,19.0,98466.23636363637,95940.0,16.0,13.0,0.0,39.0,200.53,20.0,102560.03703703704,99510.0,0.0
59,12.0,16.0,0.0,25.0,216.97,13.0,102358.64864864864,87988.0,15.0,11.0,0.0,26.0,208.421,15.0,96003.54385964911,93480.0,13.0,11.0,0.0,40.0,204.90200000000002,18.0,101216.03703703704,97387.0,1.0
60,10.0,17.0,0.0,27.0,218.981,11.0,98678.9375,87180.0,1.0,2.0,8.0,38.0,210.576,1.0,94516.68421052633,92523.0,14.0,6.0,3.0,44.0,208.62900000000002,4.0,97935.41071428572,95647.0,121.0
61,7.0,18.0,0.0,19.0,217.435,7.0,101691.04545454547,87800.0,7.0,6.0,3.0,25.0,210.265,7.0,95230.47368421053,92660.0,4.0,19.0,0.0,12.0,206.206,5.0,99641.86666666668,96771.0,7.0
62,13.0,19.0,0.0,4.0,188.363,14.0,131418.75,101351.0,8.0,8.0,1.0,40.0,209.02,8.0,95666.24561403508,93212.0,8.0,18.0,0.0,14.0,206.002,9.0,133359.96153846153,96867.0,2.0
63,9.0,20.0,0.0,41.02178213149997,171.63886170795035,10.0,127073.83930465675,114355.88411539138,14.0,16.0,0.0,24.0,205.40599999999998,14.0,97347.60714285713,94852.0,9.0,9.0,0.0,52.0,207.042,13.0,98948.03636363636,96380.0,15.0
64,14.0,21.0,0.0,41.01660287131352,171.6998434683499,15.0,127064.83138271647,114321.3943070074,12.0,7.0,2.0,42.0,210.838,12.0,95600.84210526316,92408.0,3.0,21.0,0.0,6.0,204.946,3.0,99392.83333333331,97366.0,4.0
65,15.0,22.0,0.0,41.068777911536166,172.80150605838406,16.0,126543.83543490096,113688.5320617452,2.0,9.0,0.0,28.0,210.08599999999998,2.0,95721.26315789473,92739.0,21.0,5.0,4.0,51.0,207.96200000000002,16.0,97924.69642857145,95954.0,80.0
66,1.0,1.0,10.0,42.0,174.235,1.0,126133.66071428572,112627.0,3.0,13.0,0.0,8.0,216.59599999999998,3.0,96325.44642857145,88140.0,13.0,15.0,0.0,10.0,202.737,3.0,108116.8,98427.0,84.0
67,3.0,2.0,8.0,42.0,173.69,3.0,126329.55357142855,112980.0,8.0,12.0,0.0,38.0,215.695,10.0,99231.52631578947,88508.0,5.0,6.0,1.5,14.0,204.304,7.0,109127.58064516127,97672.0,69.5
68,5.0,3.0,6.0,44.0,172.825,5.0,126936.78571428572,113546.0,1.0,1.0,10.0,17.0,216.891,1.0,97513.51724137928,88020.0,1.0,1.0,5.0,18.0,206.483,1.0,107439.41935483873,96641.0,95.0
69,4.0,4.0,5.0,42.0,174.28900000000002,4.0,127271.23214285714,112592.0,2.0,2.0,8.0,43.0,214.34400000000002,2.0,97527.43103448275,89066.0,8.0,5.0,2.0,17.0,204.69799999999998,4.0,108967.16129032258,97484.0,77.0
70,12.0,5.0,4.0,41.0,171.361,12.0,127296.19642857145,114516.0,12.0,19.0,0.0,35.10590563260634,207.31546426013193,14.0,99179.35114900945,96137.69362545948,14.0,20.0,0.0,41.03821248583442,203.35151580380253,14.0,105947.09104323827,97155.44008535906,22.0
71,9.0,6.0,3.0,39.0,171.138,9.0,127416.98214285714,114665.0,18.0,20.0,0.0,39.0,214.455,15.0,97563.75862068962,89020.0,12.0,7.0,1.0,17.0,201.27599999999998,13.0,109398.54838709676,99141.0,49.0
72,19.0,7.0,2.0,42.0,174.11700000000002,14.0,127463.58928571428,112703.0,19.0,4.0,5.0,53.0,215.92,6.0,97589.98275862072,88416.0,3.0,3.0,3.0,18.0,200.74,5.0,108197.90322580644,99406.0,24.0
73,10.0,8.0,1.0,42.0,171.25,10.0,127498.64285714286,114590.0,13.0,7.0,2.0,34.0,213.95,16.0,97617.03448275864,89230.0,20.0,16.0,0.0,16.0,201.68900000000002,20.0,109024.53333333334,98938.0,0.0
74,2.0,9.0,0.0,38.0,171.41299999999998,2.0,127639.17857142855,114481.0,10.0,5.0,4.0,53.0,215.199,12.0,97597.63793103448,88712.0,9.0,11.0,0.0,17.0,201.551,10.0,110969.16129032258,99006.0,26.0
75,8.0,10.0,0.0,38.0,170.054,8.0,127772.05357142855,115396.0,7.0,15.0,0.0,35.0,215.74400000000003,9.0,97078.2,88488.0,7.0,14.0,0.0,17.0,202.683,9.0,112047.19354838708,98453.0,48.0
76,15.0,11.0,0.0,43.0,172.93400000000003,16.0,127815.01785714286,113474.0,17.0,8.0,1.0,50.0,212.537,20.0,97622.10344827586,89823.0,15.0,10.0,0.0,17.0,201.072,15.0,110735.03225806453,99242.0,0.0
77,11.0,12.0,0.0,40.0,171.898,11.0,127844.98214285714,114158.0,9.0,10.0,0.0,48.0,216.245,11.0,97635.6724137931,88283.0,10.0,2.0,4.0,17.0,201.392,11.0,108172.3870967742,99084.0,19.0
78,17.0,13.0,0.0,44.0,170.122,18.0,128041.75,115350.0,4.0,14.0,0.0,36.0,216.97,4.0,95160.6909090909,87988.0,6.0,19.0,0.0,16.534175642036466,199.59237621167492,8.0,122738.0,122738.0,17.0
79,20.0,14.0,0.0,37.0,168.821,20.0,128887.56363636366,116239.0,15.0,11.0,0.0,51.0,214.49099999999999,18.0,97640.65517241381,89005.0,18.0,18.0,0.0,16.0,200.738,18.0,110209.13793103448,99407.0,8.0
80,7.0,15.0,0.0,55.0,171.77,7.0,129292.16363636365,114243.0,5.0,6.0,3.0,48.0,217.668,5.0,97612.1724137931,87706.0,4.0,8.0,0.5,13.0,204.459,6.0,109748.32258064515,97598.0,34.5
81,16.0,16.0,0.0,42.0,169.84900000000002,17.0,131414.92592592593,115535.0,14.0,17.0,0.0,17.0,210.94299999999998,17.0,101765.58333333331,90502.0,17.0,13.0,0.0,18.0,201.019,17.0,111204.35483870967,99268.0,0.0
82,18.0,17.0,0.0,41.0,170.97099999999998,19.0,128637.74,114777.0,16.0,9.0,0.0,43.0,214.64,19.0,97622.74137931038,88943.0,19.0,17.0,0.0,17.0,200.623,19.0,111947.53333333334,99464.0,5.0
83,14.0,18.0,0.0,38.0,168.925,15.0,133374.7441860465,116167.0,11.0,18.0,0.0,6.0,212.301,13.0,91822.23529411764,89923.0,11.0,12.0,0.0,17.0,200.778,12.0,111185.54838709676,99387.0,0.0
84,13.0,19.0,0.0,16.0,168.46599999999998,13.0,139648.2,116484.0,6.0,16.0,0.0,30.0,214.16400000000002,7.0,97002.35555555556,89141.0,16.0,9.0,0.0,17.0,201.055,16.0,109921.09677419356,99250.0,22.0
85,6.0,20.0,0.0,14.0,163.08100000000002,6.0,149046.72222222222,120330.0,20.0,3.0,6.0,50.0,214.706,8.0,97541.1724137931,88916.0,2.0,4.0,2.5,12.0,204.47299999999998,2.0,108928.87096774194,97591.0,32.5
86,3.0,1.0,25.0,53.0,204.00900000000001,3.0,100507.35714285713,97813.0,1.0,4.0,12.0,32.0,188.627,1.0,122432.55102040815,120218.0,1.0,17.0,0.0,22.0,208.515,1.0,104770.28,91556.0,256.0
87,1.0,2.0,18.0,53.0,205.605,1.0,100633.73214285713,97054.0,6.0,8.0,4.0,45.0,189.78099999999998,6.0,122586.85714285714,119487.0,2.0,9.0,2.0,47.0,216.06099999999998,2.0,97997.41379310343,88358.0,242.0
88,2.0,3.0,15.0,53.0,203.352,2.0,100748.5,98129.0,5.0,5.0,10.0,45.0,188.59900000000002,5.0,122461.40816326533,120236.0,6.0,5.0,10.0,53.0,215.74200000000002,6.0,97124.37931034484,88489.0,142.0
89,6.0,4.0,12.0,55.0,203.46599999999998,6.0,100839.30357142855,98074.0,9.0,11.0,0.0,33.0,188.226,9.0,123050.79591836734,120474.0,9.0,2.0,18.0,52.0,213.138,9.0,97044.22413793103,89570.0,136.0
90,4.0,5.0,10.0,55.0,203.28799999999998,4.0,100883.41071428572,98160.0,10.0,12.0,0.0,49.0,189.93,10.0,123333.7551020408,119393.0,10.0,18.0,0.0,6.0,184.947,10.0,125631.66666666669,103223.0,47.0
91,20.0,6.0,8.0,32.0,204.15099999999998,20.0,100926.48214285713,97745.0,4.0,3.0,15.0,42.0,189.665,4.0,122113.83673469385,119560.0,11.0,6.0,8.0,47.0,215.7,11.0,97352.22413793103,88506.0,240.0
92,21.0,7.0,6.0,48.0,204.07,21.0,100990.71428571428,97784.0,2.0,2.0,18.0,38.0,189.392,2.0,121969.28571428572,119732.0,5.0,3.0,15.0,52.0,213.21599999999998,5.0,97086.53448275864,89537.0,144.0
93,17.0,8.0,4.0,49.0,202.584,17.0,101184.46428571428,98501.0,8.0,7.0,6.0,45.0,189.017,8.0,122564.8163265306,119970.0,4.0,1.0,25.0,52.0,213.804,4.0,96836.74137931038,89291.0,214.0
94,14.0,9.0,2.0,44.0,200.572,14.0,101768.10714285713,99489.0,18.0,13.0,0.0,28.0,189.02599999999998,18.0,123531.67346938775,119964.0,17.0,11.0,0.0,49.0,212.798,17.0,98066.06896551725,89713.0,5.0
95,5.0,10.0,1.0,51.0,201.31099999999998,5.0,101818.05357142855,99124.0,13.0,14.0,0.0,34.0,186.78900000000002,13.0,125807.85416666669,121401.0,15.0,22.0,0.0,37.53406331778063,206.13998862358588,15.0,99863.97442327763,96675.16311579764,142.0
96,13.0,11.0,0.0,54.0,204.433,13.0,101916.96428571428,97610.0,15.0,16.0,0.0,41.0,188.84400000000002,15.0,123725.78260869565,120080.0,12.0,21.0,0.0,37.005693326245236,205.99220738463114,12.0,99933.28889211886,96855.84503612555,0.0
97,7.0,12.0,0.0,46.0,200.695,7.0,103096.49090909088,99428.0,11.0,10.0,1.0,47.0,189.233,11.0,122916.02040816328,119833.0,8.0,8.0,4.0,58.0,213.998,8.0,97880.46551724136,89210.0,47.0
98,19.0,13.0,0.0,41.0,205.23,19.0,101208.16666666669,97231.0,3.0,1.0,25.0,45.0,191.706,3.0,121640.73469387756,118287.0,3.0,4.0,12.0,47.0,212.812,3.0,97117.84482758619,89707.0,252.0
99,24.0,14.0,0.0,28.0,193.315,24.0,107612.88679245283,103224.0,22.0,23.0,0.0,2.0,175.295,22.0,134237.5,129361.0,24.0,16.0,0.0,17.0,197.613,22.0,150429.1923076923,96607.0,0.0
100,22.0,15.0,0.0,40.0,190.426,22.0,107947.75471698113,104790.0,24.0,24.0,0.0,7.358223327906865,188.16384499601597,24.0,154479.0,154479.0,22.0,14.0,0.0,48.0,200.86,24.0,106003.28301886794,95045.0,0.0
101,23.0,16.0,0.0,39.0,189.44299999999998,23.0,108807.30769230767,105334.0,23.0,19.0,0.0,14.0,175.613,23.0,134572.41176470587,129127.0,21.0,20.0,0.0,4.0,129.626,23.0,152461.75,141240.0,0.0
102,18.0,17.0,0.0,31.0,192.329,18.0,110894.9411764706,103753.0,20.0,17.0,0.0,34.0,184.465,20.0,129372.6304347826,122930.0,20.0,24.0,0.0,37.00013250621844,205.96923083691777,20.0,99945.56966276058,96883.35328665403,0.0
103,15.0,18.0,0.0,44.0,194.299,15.0,123228.15909090909,102701.0,21.0,15.0,0.0,47.0,184.81,21.0,127214.7659574468,122701.0,19.0,13.0,0.0,52.0,203.878,19.0,101591.76785714287,93638.0,0.0
104,11.0,19.0,0.0,32.0,198.174,11.0,103573.71875,100693.0,17.0,21.0,0.0,7.0,182.422,17.0,125841.76923076926,124307.0,18.0,19.0,0.0,6.0,185.11,18.0,128421.22222222225,103132.0,27.0
105,10.0,20.0,0.0,9.0,194.502,10.0,116676.58333333331,102594.0,12.0,9.0,2.0,39.0,189.118,12.0,122722.5306122449,119906.0,13.0,7.0,6.0,55.0,212.865,13.0,97868.58620689657,89685.0,21.0
106,8.0,21.0,0.0,9.0,195.47400000000002,8.0,103576.22222222225,102084.0,7.0,6.0,8.0,45.0,188.649,7.0,122542.02040816328,120204.0,7.0,10.0,1.0,58.0,214.058,7.0,98033.13793103448,89185.0,72.0
107,9.0,22.0,0.0,6.0,193.09799999999998,9.0,104954.125,103340.0,16.0,22.0,0.0,4.0,181.347,16.0,126358.54545454546,125044.0,16.0,23.0,0.0,37.00313334392289,205.98959667234396,16.0,99926.15262890489,96872.72975299123,32.0
108,16.0,23.0,0.0,2.0,187.56599999999997,16.0,112405.5,106388.0,19.0,20.0,0.0,11.0,178.467,19.0,130232.9375,127062.0,23.0,15.0,0.0,37.0,202.597,21.0,104031.19512195123,94230.0,0.0
109,12.0,24.0,0.0,41.02157001538506,171.4267048038776,12.0,127240.87341818948,114482.2565226616,14.0,18.0,0.0,27.0,186.40599999999998,14.0,125113.85714285714,121650.0,14.0,12.0,0.0,54.0,210.745,14.0,98114.05172413793,90587.0,6.0
110,3.0,1.0,25.0,48.1445842105919,195.76547938258216,3.0,103896.89285714287,100415.0,2.0,2.0,18.0,41.0,211.382,2.0,92975.10344827586,90314.0,2.0,8.0,4.0,54.0,196.575,2.0,105531.94642857145,101512.0,227.0
111,1.0,2.0,18.0,48.20783976094997,195.72593681252218,1.0,103989.71428571428,101321.0,1.0,1.0,25.0,44.0,212.488,1.0,92590.6724137931,89844.0,1.0,1.0,25.0,33.0,196.523,1.0,104639.85714285713,101539.0,392.0
112,18.0,3.0,15.0,49.1389576747411,196.979397009073,18.0,104031.80357142855,98993.0,3.0,5.0,10.0,50.0,213.06599999999997,3.0,93248.79310344828,89600.0,3.0,4.0,12.0,46.0,198.415,3.0,105111.0,100571.0,258.0
113,2.0,4.0,12.0,49.13208692090615,195.7594746487829,2.0,104075.46428571428,100623.0,4.0,6.0,8.0,49.0,212.396,4.0,93526.94827586207,89883.0,4.0,2.0,18.0,50.0,197.05700000000002,4.0,104698.08928571428,101264.0,270.0
114,4.0,5.0,10.0,38.74271010564331,194.8201509573728,4.0,104137.03571428572,101166.0,7.0,17.0,0.0,21.0,204.173,7.0,96448.90909090909,93503.0,9.0,12.0,0.0,45.0,196.062,9.0,106650.36363636363,101778.0,89.0
115,6.0,6.0,8.0,48.12728525235189,195.68682957231673,6.0,104179.75,101678.0,8.0,7.0,6.0,55.0,214.63099999999997,8.0,94059.39655172414,88947.0,7.0,5.0,10.0,41.0,195.637,7.0,105299.82142857145,101999.0,118.0
116,5.0,7.0,6.0,41.06966866183187,194.52788103617777,5.0,104443.71428571428,102070.0,5.0,4.0,12.0,49.0,213.33599999999998,5.0,93138.46551724136,89487.0,5.0,6.0,8.0,49.0,198.127,5.0,105305.0,100717.0,257.0
117,14.0,8.0,4.0,35.50434212764932,194.96012540167658,14.0,104450.92857142855,101215.0,11.0,19.0,0.0,13.0,200.283,11.0,101762.47368421053,95319.0,11.0,9.0,2.0,45.0,194.69799999999998,11.0,106155.85714285713,102491.0,76.0
118,10.0,9.0,2.0,46.51280022913096,195.56203718882907,10.0,104921.96428571428,101261.0,6.0,3.0,15.0,55.0,211.96900000000002,6.0,93117.56896551725,90064.0,8.0,17.0,0.0,49.0,197.46599999999998,8.0,105781.67307692306,101054.0,37.0
119,13.0,10.0,1.0,37.84687669413057,193.8509996132792,13.0,105026.76785714287,102577.0,9.0,21.0,0.0,51.0,211.218,9.0,93916.05172413793,90384.0,10.0,7.0,6.0,39.0,195.453,10.0,105826.26785714287,102095.0,30.0
120,8.0,11.0,0.0,33.438886385624365,192.599040323737,8.0,105124.69642857145,102614.0,14.0,10.0,1.0,40.0,207.641,14.0,95153.7894736842,91941.0,14.0,10.0,1.0,48.0,193.956,14.0,106274.91071428572,102883.0,27.0
121,16.0,12.0,0.0,36.318220730396284,193.53689056012425,16.0,105195.80357142855,102406.0,18.0,12.0,0.0,43.0,206.66099999999997,18.0,95507.0350877193,92377.0,6.0,3.0,15.0,47.0,196.50799999999998,6.0,105087.625,101547.0,34.0
122,15.0,13.0,0.0,36.27075296140555,191.7702549085596,15.0,105507.41071428572,102031.0,17.0,16.0,0.0,47.0,208.861,17.0,96734.5,91404.0,15.0,22.0,0.0,10.0,189.11599999999999,15.0,113979.5,105516.0,4.0
123,9.0,14.0,0.0,35.69781254418926,192.791947819994,9.0,105516.01785714287,101696.0,10.0,8.0,4.0,44.0,210.167,10.0,94363.24561403508,90836.0,12.0,13.0,0.0,36.0,194.37900000000002,12.0,107158.56363636363,102659.0,0.0
124,11.0,15.0,0.0,35.384000882601434,192.87396415045743,11.0,105799.2,101157.0,16.0,9.0,2.0,55.0,208.583,16.0,94645.50877192985,91526.0,17.0,11.0,0.0,34.0,193.78599999999997,17.0,106450.19642857145,102973.0,42.0
125,19.0,16.0,0.0,42.138890008330534,191.90514376258307,19.0,106036.8,102672.0,19.0,18.0,0.0,19.0,201.12900000000002,19.0,98761.0,94918.0,19.0,15.0,0.0,43.0,192.47,19.0,107336.7818181818,103677.0,0.0
126,12.0,17.0,0.0,32.07394760815183,191.4859978958815,12.0,106098.8,101643.0,13.0,22.0,0.0,39.0,212.209,13.0,93725.93103448275,89962.0,16.0,21.0,0.0,19.0,193.17700000000002,16.0,108356.39130434784,103298.0,14.0
127,17.0,18.0,0.0,28.846625263270703,192.38098945447476,17.0,106188.41818181818,101702.0,15.0,20.0,0.0,7.0,202.873,15.0,97992.88888888886,94102.0,18.0,24.0,0.0,5.0,188.80599999999998,18.0,110773.125,105689.0,1.0
128,20.0,19.0,0.0,41.65426013796941,190.5633388195354,20.0,106439.52727272727,102052.0,20.0,13.0,0.0,52.0,206.275,20.0,97384.57142857145,92550.0,20.0,20.0,0.0,23.0,189.54,20.0,109031.29032258065,105280.0,0.0
129,21.0,20.0,0.0,31.81526621797079,188.2841422196763,21.0,108224.35185185184,104806.0,22.0,14.0,0.0,44.0,201.96900000000002,22.0,99528.11111111114,94523.0,22.0,19.0,0.0,41.0,189.421,22.0,109482.64285714287,105346.0,0.0
130,22.0,21.0,0.0,28.89955083386829,188.91991209029626,22.0,108784.37037037036,104381.0,21.0,15.0,0.0,48.0,199.3,21.0,111482.38775510203,95789.0,21.0,16.0,0.0,50.0,189.40099999999998,21.0,108747.42592592591,105357.0,0.0
131,23.0,22.0,0.0,32.2009733170708,190.41635630265378,23.0,109113.64814814816,103384.0,0.0,23.0,0.0,33.33076704007936,202.56525235735052,23.0,109704.9719159458,97409.49572291285,23.0,18.0,0.0,42.0,187.332,23.0,112339.84782608696,106521.0,0.0
132,24.0,23.0,0.0,30.813931898219774,189.3873396724551,24.0,109135.35185185184,106081.0,0.0,24.0,0.0,44.06012495563097,203.11055478239032,24.0,105762.08134734564,97820.17132372259,24.0,23.0,0.0,5.0,182.42700000000002,24.0,112038.78571428572,109385.0,0.0
133,7.0,24.0,0.0,17.81467579022077,188.8032230035847,7.0,107747.11111111114,105700.0,12.0,11.0,0.0,41.0,211.025,12.0,95244.26315789473,90467.0,13.0,14.0,0.0,37.0,192.34599999999998,13.0,107329.23636363637,103744.0,26.0
134,1.0,1.0,25.0,40.0,194.356,1.0,103338.01785714287,100967.0,7.0,12.0,0.0,53.0,209.94799999999998,7.0,98400.12068965516,90931.0,7.0,13.0,0.0,51.0,195.898,8.0,178042.94642857142,101863.0,93.0
135,5.0,2.0,18.0,56.0,195.41099999999997,6.0,103706.33928571428,100422.0,2.0,1.0,25.0,56.0,214.053,2.0,97406.29310344828,89187.0,2.0,14.0,0.0,50.0,195.44299999999998,2.0,178063.05357142858,102100.0,188.0
136,7.0,3.0,15.0,40.0,195.201,2.0,103802.51785714287,100530.0,1.0,3.0,15.0,57.0,213.21400000000003,1.0,97476.55172413793,89538.0,1.0,3.0,15.0,50.0,196.523,1.0,176900.05357142858,101539.0,190.0
137,6.0,4.0,12.0,52.0,195.27900000000002,7.0,103836.66071428572,100490.0,5.0,4.0,12.0,57.0,213.452,5.0,97484.68965517242,89438.0,4.0,4.0,12.0,52.0,197.53900000000002,4.0,176955.3571428571,101017.0,179.0
138,11.0,5.0,10.0,33.0,195.063,11.0,103882.35714285713,100601.0,6.0,2.0,18.0,57.0,213.503,6.0,97443.1724137931,89417.0,5.0,11.0,0.0,50.0,196.905,6.0,177988.19642857142,101342.0,281.0
139,10.0,6.0,8.0,35.0,194.062,10.0,103900.35714285713,101120.0,3.0,21.0,0.0,30.871374039266158,209.08371804956784,3.0,103730.0,103730.0,6.0,24.0,0.0,2.0,155.333,7.0,133715.33333333337,128464.0,96.0
140,14.0,7.0,6.0,37.0,193.731,14.0,103955.82142857145,101293.0,14.0,16.0,0.0,49.0,210.123,14.0,100556.30769230767,90855.0,13.0,6.0,8.0,55.0,196.785,13.0,177312.125,101404.0,31.0
141,13.0,8.0,4.0,36.0,195.294,13.0,103974.5,100482.0,8.0,13.0,0.0,53.0,211.523,8.0,97857.17543859649,90254.0,11.0,19.0,0.0,51.0,195.18099999999998,11.0,180490.72222222228,102237.0,45.0
142,9.0,9.0,2.0,41.0,194.00099999999998,9.0,104003.30357142855,101152.0,12.0,5.0,10.0,52.0,211.46900000000002,12.0,97778.10344827586,90277.0,8.0,1.0,25.0,53.0,196.25,9.0,176639.5,101680.0,278.0
143,3.0,10.0,1.0,40.0,196.31400000000002,4.0,104029.44642857145,99960.0,13.0,6.0,8.0,55.0,210.668,13.0,98040.18965517242,90620.0,17.0,23.0,0.0,44.0,191.50099999999998,17.0,194763.5652173913,104202.0,60.0
144,8.0,11.0,0.0,37.0,194.15599999999998,8.0,104071.33928571428,101071.0,22.0,8.0,4.0,46.0,210.15099999999998,17.0,98086.60344827586,90843.0,9.0,2.0,18.0,54.0,197.53099999999998,10.0,176679.9107142857,101021.0,66.0
145,15.0,12.0,0.0,40.0,193.33900000000003,15.0,104092.89285714287,101498.0,15.0,10.0,1.0,57.0,210.703,15.0,98091.41379310343,90605.0,14.0,7.0,6.0,55.0,195.983,14.0,177432.57142857142,101819.0,46.0
146,12.0,13.0,0.0,48.0,193.832,12.0,104101.92857142855,101240.0,16.0,17.0,0.0,46.0,207.644,16.0,99756.32608695653,91940.0,12.0,15.0,0.0,56.0,195.537,12.0,178377.3392857143,102051.0,122.0
147,4.0,14.0,0.0,43.0,192.77700000000002,5.0,104241.10714285713,101794.0,17.0,7.0,6.0,50.0,210.34599999999998,18.0,98061.70689655172,90759.0,10.0,5.0,10.0,53.0,198.11700000000002,5.0,177165.5,100722.0,207.0
148,16.0,15.0,0.0,48.0,194.33700000000002,16.0,104252.53571428572,100977.0,9.0,22.0,0.0,52.96168360157159,210.62759100202084,9.0,98646.75583106332,90643.62641410483,16.0,9.0,2.0,51.0,195.304,16.0,177494.7142857143,102173.0,93.0
149,24.0,16.0,0.0,48.0,196.19799999999998,18.0,104262.23214285713,100019.0,11.0,11.0,0.0,52.0,211.476,11.0,98093.3275862069,90274.0,18.0,8.0,4.0,55.0,195.785,18.0,177478.5178571429,101922.0,0.0
150,17.0,17.0,0.0,40.0,193.81099999999998,17.0,104465.80357142855,101251.0,10.0,9.0,2.0,53.0,210.733,10.0,98088.29310344828,90592.0,15.0,12.0,0.0,54.0,196.104,15.0,178011.42857142858,101756.0,10.0
151,19.0,18.0,0.0,38.0,191.66400000000002,20.0,105282.8,102385.0,19.0,19.0,0.0,27.0,204.80599999999998,20.0,96438.61764705883,93214.0,19.0,16.0,0.0,52.0,192.775,20.0,180094.0,103513.0,0.0
152,20.0,19.0,0.0,41.0,190.987,21.0,106184.61818181818,102748.0,20.0,14.0,0.0,43.0,202.548,21.0,99909.19298245614,94253.0,20.0,17.0,0.0,50.0,190.486,21.0,180869.72727272726,104757.0,0.0
153,21.0,20.0,0.0,39.0,191.22400000000002,22.0,106191.85454545454,102621.0,21.0,15.0,0.0,45.0,200.93200000000002,22.0,102463.90566037736,95011.0,21.0,20.0,0.0,50.0,190.38400000000001,22.0,183276.59259259253,104813.0,0.0
154,22.0,21.0,0.0,54.0,189.398,23.0,106967.6909090909,103610.0,0.0,23.0,0.0,21.809455566631865,195.98315011491005,23.0,116463.4985195004,105537.78621607534,22.0,22.0,0.0,54.0,187.82,23.0,184868.3148148148,106244.0,0.0
155,23.0,22.0,0.0,40.0,188.80599999999998,24.0,108060.74074074074,103935.0,0.0,24.0,0.0,23.61636393553763,198.13191323653726,24.0,116521.10306348576,102830.23436055603,23.0,21.0,0.0,52.0,188.41400000000002,24.0,184623.6851851852,105909.0,0.0
156,18.0,23.0,0.0,53.0,193.928,19.0,110538.58490566038,101190.0,18.0,18.0,0.0,26.0,203.75900000000001,19.0,100754.65789473684,93693.0,24.0,18.0,0.0,54.0,192.237,19.0,180942.07272727272,103803.0,0.0
157,2.0,24.0,0.0,9.0,188.49,3.0,104794.75,104109.0,4.0,20.0,0.0,4.0,203.048,4.0,95217.0,94021.0,3.0,10.0,1.0,53.0,196.09599999999998,3.0,177532.2857142857,101760.0,49.0
158,3.0,1.0,25.0,46.0,197.21,3.0,103338.30357142855,99506.0,5.0,2.0,18.0,53.0,213.162,5.0,93373.72413793103,89560.0,3.0,22.0,0.0,6.386463315556026,178.25650032936093,3.0,125239.0,125239.0,242.0
159,2.0,2.0,18.0,51.0,196.324,2.0,103519.875,99955.0,7.0,1.0,25.0,56.0,213.845,7.0,93159.05172413793,89274.0,10.0,7.0,6.0,37.0,196.079,7.0,106877.85714285713,101769.0,183.0
160,1.0,3.0,15.0,50.0,196.273,1.0,103558.33928571428,99981.0,3.0,5.0,10.0,45.0,212.68900000000002,3.0,93944.58620689657,89759.0,4.0,3.0,15.0,32.0,197.57,4.0,106229.67857142855,101001.0,189.0
161,9.0,4.0,12.0,53.0,202.706,9.0,103561.96428571428,96808.0,1.0,3.0,15.0,42.0,211.16,1.0,93544.3275862069,90409.0,1.0,1.0,25.0,45.0,198.66099999999997,1.0,106012.16071428572,100446.0,397.0
162,8.0,5.0,10.0,56.0,200.122,8.0,103968.39285714287,98058.0,10.0,9.0,2.0,41.0,211.65400000000002,10.0,94566.46551724136,90198.0,7.0,17.0,0.0,43.0,198.44400000000002,8.0,108208.67924528301,100556.0,73.0
163,5.0,6.0,8.0,55.0,195.68,5.0,104067.35714285713,100284.0,4.0,4.0,12.0,38.0,211.558,4.0,93737.96551724136,90239.0,2.0,5.0,10.0,50.0,199.937,2.0,106470.16071428572,99805.0,112.0
164,7.0,7.0,6.0,55.0,195.766,7.0,104100.64285714287,100240.0,14.0,19.0,0.0,33.0,210.063,14.0,95959.2564102564,90881.0,13.0,18.0,0.0,35.0,194.52700000000002,13.0,108561.11764705883,102581.0,20.0
165,11.0,8.0,4.0,55.0,196.03799999999998,11.0,104250.51785714287,100101.0,9.0,8.0,4.0,56.0,210.033,9.0,94339.20689655172,90894.0,15.0,21.0,0.0,19.0,193.55900000000003,15.0,117395.27272727275,103094.0,48.0
166,6.0,9.0,2.0,55.0,195.137,6.0,104292.28571428572,100563.0,8.0,10.0,1.0,41.0,211.19299999999998,8.0,94585.93103448275,90395.0,11.0,6.0,8.0,37.0,197.13099999999997,11.0,106647.23214285713,101226.0,132.0
167,10.0,10.0,1.0,31.0,195.007,10.0,104348.98214285713,100630.0,11.0,22.0,0.0,40.98140911654429,211.155699748726,11.0,94598.55407491214,90423.30005303575,12.0,8.0,4.0,46.0,198.107,12.0,106959.375,100727.0,171.0
168,12.0,11.0,0.0,55.0,193.75400000000002,12.0,104478.66071428572,101281.0,15.0,11.0,0.0,46.0,212.294,15.0,94596.41379310343,89926.0,9.0,9.0,2.0,56.0,201.15900000000002,10.0,107304.25,99199.0,49.0
169,15.0,12.0,0.0,56.0,195.965,16.0,104634.80357142855,100138.0,13.0,12.0,0.0,50.0,213.30900000000003,13.0,94604.86206896552,89498.0,17.0,10.0,1.0,45.0,198.571,17.0,107567.94642857145,100492.0,0.0
170,16.0,13.0,0.0,53.0,199.832,17.0,105014.39285714287,98200.0,16.0,14.0,0.0,42.0,210.59400000000002,16.0,95434.52631578947,90652.0,18.0,11.0,0.0,54.0,196.845,18.0,107594.48214285713,101373.0,4.0
171,14.0,14.0,0.0,54.0,194.354,15.0,105042.82142857145,100968.0,17.0,21.0,0.0,12.0,205.465,17.0,97001.0,92915.0,16.0,19.0,0.0,34.0,192.865,16.0,109931.04444444443,103465.0,1.0
172,18.0,15.0,0.0,35.0,193.265,19.0,105433.05454545456,101537.0,19.0,15.0,0.0,52.0,211.055,19.0,96513.94736842104,90454.0,19.0,13.0,0.0,47.0,194.827,19.0,109002.32727272727,102423.0,0.0
173,20.0,16.0,0.0,48.0,192.393,21.0,105470.4,101997.0,22.0,16.0,0.0,55.0,206.921,22.0,96765.96428571428,92261.0,20.0,14.0,0.0,51.0,193.845,20.0,109624.90909090909,102942.0,0.0
174,19.0,17.0,0.0,39.0,192.429,20.0,106122.65454545453,101978.0,20.0,17.0,0.0,49.0,207.03599999999997,20.0,97379.51785714287,92210.0,21.0,16.0,0.0,44.0,193.454,21.0,110268.25925925926,103150.0,0.0
175,21.0,18.0,0.0,42.0,191.717,22.0,106690.74545454542,102357.0,21.0,18.0,0.0,39.0,206.084,21.0,97854.98214285713,92636.0,22.0,15.0,0.0,44.0,193.44099999999997,22.0,109788.25454545458,103157.0,0.0
176,4.0,19.0,0.0,7.0,189.82299999999998,4.0,109138.47619047617,103378.0,6.0,20.0,0.0,18.0,206.926,6.0,95153.80769230767,92259.0,6.0,4.0,12.0,44.0,198.05200000000002,6.0,106237.875,100755.0,171.0
177,22.0,20.0,0.0,12.0,189.75400000000002,14.0,106630.53333333334,103416.0,2.0,6.0,8.0,45.0,212.753,2.0,93965.94827586207,89732.0,5.0,2.0,18.0,45.0,198.19,5.0,106088.91071428572,100685.0,199.0
178,13.0,21.0,0.0,3.0,188.22299999999998,13.0,107810.0,104257.0,12.0,7.0,6.0,49.0,210.459,12.0,94280.91379310343,90710.0,8.0,20.0,0.0,24.0,194.12900000000002,9.0,113808.70370370375,102791.0,29.0
179,17.0,22.0,0.0,2.0,187.292,18.0,106847.5,104775.0,18.0,13.0,0.0,32.0,208.83599999999998,18.0,95303.80701754386,91415.0,14.0,12.0,0.0,54.0,197.71099999999998,14.0,108021.70909090908,100929.0,6.0
180,2.0,1.0,25.0,49.0,200.63400000000001,2.0,104960.40350877194,97108.0,1.0,19.0,0.0,2.0,173.636,1.0,103207.5,100287.0,1.0,1.0,25.0,53.0,193.611,1.0,107606.67857142855,103066.0,384.0
181,1.0,2.0,18.0,49.0,200.81599999999997,1.0,104979.43859649124,97020.0,3.0,1.0,25.0,19.0,206.43599999999998,3.0,97872.1052631579,92478.0,3.0,2.0,18.0,55.0,191.946,3.0,107915.83928571428,103960.0,317.0
182,4.0,3.0,15.0,36.0,196.165,5.0,105382.63157894736,99320.0,16.0,10.0,1.0,38.0,206.088,16.0,99379.40350877194,93366.0,14.0,22.0,0.0,37.616077504364455,204.3742155165477,14.0,100855.40728708784,97695.858254807,59.0
183,13.0,4.0,12.0,38.0,196.266,3.0,105390.0350877193,99269.0,2.0,22.0,0.0,38.70585938374568,205.39927881735957,2.0,98302.36842105264,93066.0,5.0,16.0,0.0,48.0,190.635,5.0,112705.02040816328,104675.0,238.0
184,11.0,5.0,10.0,37.0,197.22799999999998,12.0,105463.1052631579,98785.0,7.0,6.0,8.0,56.0,206.235,7.0,98761.8947368421,93210.0,7.0,5.0,10.0,38.0,188.28400000000002,7.0,108449.51785714287,105982.0,317.0
185,10.0,6.0,8.0,18.0,196.18099999999998,11.0,105484.59649122806,99312.0,12.0,18.0,0.0,26.0,196.68200000000002,13.0,114128.0,109947.0,2.0,3.0,15.0,51.0,191.34099999999998,2.0,108044.78571428572,104289.0,167.0
186,7.0,7.0,6.0,40.0,196.26,8.0,105508.91228070176,99272.0,9.0,20.0,0.0,2.0,190.361,9.0,99586.10426807146,93622.95615474136,13.0,7.0,6.0,44.0,190.232,13.0,109125.89285714287,104897.0,134.0
187,3.0,8.0,4.0,50.0,195.296,4.0,105519.63157894736,99762.0,15.0,5.0,10.0,56.0,206.128,10.0,98707.87719298246,92568.0,18.0,8.0,4.0,31.0,189.18900000000002,15.0,109134.125,105475.0,186.0
188,9.0,9.0,2.0,53.0,195.355,10.0,105532.24561403508,99732.0,5.0,4.0,12.0,57.0,204.86700000000002,5.0,98491.12280701754,92616.0,4.0,4.0,12.0,47.0,191.56900000000002,4.0,108249.39285714287,104165.0,161.0
189,5.0,10.0,1.0,35.0,195.933,6.0,105547.45614035089,99438.0,11.0,7.0,6.0,56.0,204.81400000000002,12.0,98883.94736842104,93691.0,6.0,12.0,0.0,36.0,189.812,6.0,110139.52727272727,105129.0,55.0
190,12.0,11.0,0.0,12.0,194.52,13.0,105685.70175438595,100160.0,8.0,9.0,2.0,35.0,203.387,8.0,98987.63157894736,92634.0,11.0,10.0,1.0,36.0,187.02599999999998,11.0,110096.9818181818,106695.0,8.0
191,16.0,12.0,0.0,39.0,195.923,16.0,105717.29824561405,99443.0,22.0,15.0,0.0,41.0,200.363,21.0,101027.09302325582,94766.0,15.0,11.0,0.0,42.0,187.855,16.0,110137.0181818182,106224.0,8.0
192,21.0,13.0,0.0,48.0,191.34,22.0,106011.43859649124,101825.0,17.0,13.0,0.0,33.0,202.658,17.0,101837.61818181818,95635.0,21.0,15.0,0.0,49.0,184.34099999999998,21.0,111808.16666666669,108249.0,0.0
193,17.0,14.0,0.0,52.0,195.484,17.0,106062.2105263158,99666.0,21.0,16.0,0.0,30.0,201.451,22.0,104033.41379310343,97332.0,16.0,21.0,0.0,6.0,179.888,17.0,115515.28571428572,110929.0,2.0
194,18.0,15.0,0.0,17.0,192.43400000000003,19.0,106502.50877192985,101246.0,14.0,21.0,0.0,23.946255372451965,207.13322176402988,15.0,108612.7324842026,92353.89903594769,20.0,13.0,0.0,53.0,185.19,20.0,110868.14545454546,107753.0,0.0
195,19.0,16.0,0.0,44.0,190.68400000000003,20.0,108206.51785714287,102175.0,18.0,14.0,0.0,55.0,199.62099999999998,18.0,115760.02040816328,95281.0,19.0,20.0,0.0,4.0,179.01,19.0,128704.0,111473.0,2.0
196,6.0,17.0,0.0,37.0,195.683,7.0,106506.96363636364,99565.0,10.0,3.0,15.0,39.0,205.46,11.0,98398.8947368421,93186.0,10.0,6.0,8.0,47.0,188.183,10.0,109101.16071428572,106039.0,126.0
197,8.0,18.0,0.0,40.0,194.62099999999998,9.0,103879.35,100108.0,4.0,2.0,18.0,49.0,205.13099999999997,4.0,98341.87719298246,92917.0,8.0,9.0,2.0,44.0,189.372,8.0,109606.63636363637,105373.0,55.0
198,15.0,19.0,0.0,32.0,193.481,15.0,104071.79487179489,100698.0,20.0,12.0,0.0,41.0,201.882,19.0,99874.21428571428,94202.0,12.0,17.0,0.0,27.0,185.14,12.0,111369.62857142858,107782.0,0.0
199,20.0,20.0,0.0,28.0,192.64700000000002,21.0,105419.57575757576,101134.0,19.0,17.0,0.0,17.0,196.141,20.0,105014.29629629626,97064.0,22.0,14.0,0.0,40.0,185.62599999999998,22.0,111805.75925925926,107500.0,0.0
200,14.0,21.0,0.0,16.0,191.669,14.0,109378.61111111114,101650.0,6.0,8.0,4.0,56.0,203.763,6.0,98932.47368421053,93864.0,9.0,19.0,0.0,4.0,183.86900000000003,9.0,116105.83333333331,108527.0,0.0
201,22.0,22.0,0.0,9.0,191.403,18.0,116078.82352941176,101791.0,13.0,11.0,0.0,34.0,204.472,14.0,99765.21428571428,94564.0,17.0,18.0,0.0,27.0,184.69799999999998,18.0,111436.59375,108040.0,0.0
202,1.0,1.0,25.0,31.0,191.99599999999998,1.0,106821.57142857145,102208.0,1.0,1.0,25.0,50.0,209.915,1.0,95070.12068965516,90945.0,1.0,2.0,18.0,45.0,193.50099999999998,1.0,108470.75,103125.0,381.0
203,2.0,2.0,18.0,39.0,191.328,2.0,106834.32142857145,102565.0,2.0,2.0,18.0,47.0,209.577,2.0,95093.56896551725,91092.0,3.0,3.0,15.0,43.0,195.516,3.0,108537.55357142855,102062.0,322.0
204,3.0,3.0,15.0,15.0,190.487,3.0,106874.92857142855,103018.0,4.0,3.0,15.0,52.0,208.74,4.0,95665.34482758619,91457.0,2.0,1.0,25.0,46.0,193.50099999999998,2.0,108317.73214285713,103648.0,278.0
205,6.0,4.0,12.0,48.0,190.472,6.0,106890.05357142855,103026.0,5.0,12.0,0.0,36.0,208.81099999999998,5.0,97947.9,91426.0,11.0,4.0,12.0,40.0,191.644,11.0,109278.83928571428,104124.0,150.0
206,4.0,5.0,10.0,37.0,191.013,4.0,106974.14285714287,102734.0,3.0,4.0,12.0,50.0,208.144,3.0,95728.6724137931,91719.0,7.0,6.0,8.0,40.0,191.891,7.0,109631.76785714287,103990.0,121.0
207,5.0,6.0,8.0,37.0,190.426,5.0,106998.08928571428,103051.0,0.0,18.0,0.0,42.366077016285104,208.25256452010055,6.0,96988.7991676577,91673.9412704173,8.0,5.0,10.0,42.0,191.71,9.0,109575.03571428572,104088.0,136.0
208,8.0,7.0,6.0,34.0,190.27200000000002,8.0,107161.0,103134.0,8.0,14.0,0.0,43.84479735381701,205.9099294480927,9.0,97185.90622844509,92719.5732698738,10.0,11.0,0.0,36.0,190.386,8.0,110809.7818181818,104812.0,51.0
209,9.0,8.0,4.0,46.0,189.248,9.0,107225.58928571428,103692.0,10.0,5.0,10.0,46.0,206.137,11.0,96710.62068965516,92612.0,16.0,12.0,0.0,45.0,192.054,16.0,110855.36363636363,103902.0,121.0
210,7.0,9.0,2.0,46.0,190.06799999999998,7.0,107395.08928571428,103245.0,6.0,6.0,8.0,46.0,205.726,7.0,96926.59649122806,92797.0,4.0,10.0,1.0,42.0,189.482,4.0,110488.3090909091,105312.0,92.0
211,10.0,10.0,1.0,32.0,188.31900000000002,10.0,108801.65454545453,104204.0,15.0,8.0,4.0,51.0,208.505,16.0,97825.49122807015,91560.0,9.0,19.0,0.0,3.0,183.475,10.0,111873.66666666669,108760.0,9.0
212,15.0,11.0,0.0,44.0,189.578,15.0,108855.12727272726,103512.0,14.0,10.0,1.0,46.0,207.601,15.0,98157.77192982456,91959.0,14.0,13.0,0.0,37.0,189.423,14.0,111167.94545454544,105345.0,78.0
213,14.0,13.0,0.0,41.0,191.166,14.0,108932.47272727273,102652.0,7.0,9.0,2.0,49.0,205.56,8.0,97941.94736842104,92872.0,15.0,8.0,4.0,37.0,189.132,15.0,110325.49090909088,105507.0,18.0
214,17.0,14.0,0.0,21.0,186.907,17.0,108905.67272727273,104991.0,16.0,11.0,0.0,56.0,204.53400000000002,17.0,98897.98214285713,93338.0,17.0,17.0,0.0,38.0,188.153,17.0,113990.51219512195,106056.0,16.0
215,13.0,17.0,0.0,46.0,188.90599999999998,13.0,106260.98076923077,103880.0,11.0,13.0,0.0,30.0,202.458,12.0,99972.6875,94295.0,6.0,7.0,6.0,42.0,190.81,6.0,110063.48214285713,104579.0,49.0
216,11.0,18.0,0.0,37.0,189.25900000000001,11.0,108579.57142857145,103686.0,9.0,15.0,0.0,41.50445932575788,206.69331998295482,10.0,100451.81358202038,92364.86738966613,12.0,16.0,0.0,38.0,189.919,12.0,111961.3829787234,105070.0,27.0
217,12.0,19.0,0.0,13.0,184.62099999999998,12.0,107703.86666666668,106291.0,12.0,16.0,0.0,45.46060772027307,205.3250168326491,13.0,99189.01069884373,92997.3500646137,5.0,9.0,2.0,41.0,190.929,5.0,110344.16363636364,104514.0,95.0
218,16.0,20.0,0.0,6.0,185.40099999999998,16.0,107170.77777777775,105844.0,13.0,7.0,6.0,48.0,207.576,14.0,97565.7894736842,91970.0,13.0,14.0,0.0,46.0,190.368,13.0,111176.2181818182,104822.0,322.0
219,1.0,1.0,25.0,38.0,195.419,1.0,105962.33928571428,100418.0,2.0,1.0,25.0,21.0,210.815,2.0,113957.28070175438,90557.0,2.0,1.0,25.0,41.0,206.21,2.0,98503.43859649124,94482.0,6.0
220,4.0,2.0,18.0,37.0,195.046,4.0,106636.91071428572,100610.0,3.0,3.0,15.0,23.0,212.235,3.0,114126.45614035089,89951.0,3.0,21.0,0.0,37.13145572736171,205.8580092275938,3.0,99971.65710425214,96918.52668928301,37.0
221,6.0,3.0,15.0,38.0,193.248,6.0,106782.625,101546.0,18.0,22.0,0.0,40.1638688017933,210.61325850206543,18.0,114753.79163184199,90669.14889911332,15.0,7.0,6.0,36.0,203.63299999999998,15.0,100282.67857142855,95678.0,1.0
222,2.0,4.0,12.0,55.0,194.264,2.0,106903.19642857145,101015.0,8.0,4.0,12.0,49.0,214.51,8.0,114384.12280701756,88997.0,5.0,4.0,12.0,44.0,202.81400000000002,5.0,99599.82456140351,96064.0,6.0
223,3.0,5.0,10.0,40.0,195.079,3.0,107138.625,100593.0,4.0,18.0,0.0,21.0,210.48,4.0,152368.7619047619,90701.0,4.0,2.0,18.0,39.0,204.745,4.0,98683.82456140351,95158.0,12.0
224,10.0,6.0,8.0,34.0,192.737,11.0,107310.75,101815.0,6.0,5.0,10.0,39.0,206.861,6.0,114992.0,92288.0,7.0,8.0,4.0,31.0,199.704,7.0,100326.51785714287,97560.0,0.0
225,22.0,7.0,6.0,32.0,194.945,22.0,107359.30357142855,100662.0,1.0,2.0,18.0,48.0,210.608,1.0,114098.68421052633,90646.0,1.0,3.0,15.0,43.0,205.785,1.0,99032.35087719296,94677.0,68.0
226,9.0,8.0,4.0,41.0,195.456,9.0,107377.83928571428,100399.0,5.0,10.0,1.0,44.0,208.606,5.0,115305.22807017545,91516.0,10.0,6.0,8.0,49.0,204.00400000000002,10.0,99923.24561403508,95504.0,39.0
227,8.0,9.0,2.0,35.0,193.364,8.0,107464.60714285713,101485.0,7.0,9.0,2.0,23.0,208.253,7.0,115285.0,91671.0,11.0,18.0,0.0,22.0,197.983,11.0,104221.06896551725,98408.0,0.0
228,5.0,10.0,1.0,23.0,193.225,5.0,107501.48214285713,101558.0,16.0,8.0,4.0,51.0,205.886,11.0,115275.75438596492,92725.0,6.0,9.0,2.0,37.0,200.69799999999998,6.0,100450.64285714287,97077.0,62.0
229,7.0,11.0,0.0,30.0,192.679,7.0,107645.96428571428,101846.0,9.0,13.0,0.0,39.0,205.764,9.0,115566.0350877193,92780.0,18.0,16.0,0.0,39.0,202.808,18.0,101165.57142857145,96067.0,5.0
230,12.0,13.0,0.0,46.0,195.65200000000002,13.0,107783.58928571428,100298.0,12.0,14.0,0.0,33.0,208.22299999999998,13.0,116021.75,91684.0,14.0,20.0,0.0,3.0,195.954,14.0,100905.83333333331,99427.0,0.0
231,18.0,14.0,0.0,45.0,195.516,18.0,107973.4,100368.0,20.0,20.0,0.0,4.0,205.28099999999998,20.0,96172.0,92998.0,13.0,19.0,0.0,2.0,196.12400000000002,13.0,105927.22222222225,99341.0,0.0
232,13.0,15.0,0.0,48.0,196.581,10.0,107997.65454545453,99824.0,10.0,7.0,6.0,49.0,205.646,10.0,115259.01754385965,92833.0,8.0,15.0,0.0,53.0,204.68099999999998,8.0,101132.92857142855,95188.0,6.0
233,15.0,16.0,0.0,41.0,190.024,15.0,108189.41818181818,103269.0,15.0,17.0,0.0,15.0,203.327,16.0,127522.02631578947,93892.0,17.0,12.0,0.0,32.0,198.80200000000002,17.0,100960.30357142855,98003.0,0.0
234,17.0,17.0,0.0,22.0,191.803,17.0,108366.85454545454,102311.0,14.0,12.0,0.0,45.0,206.49400000000003,15.0,115459.1403508772,92452.0,22.0,11.0,0.0,40.0,201.418,19.0,100821.14285714287,96730.0,8.0
235,21.0,18.0,0.0,48.0,193.356,21.0,108454.09090909091,101489.0,21.0,16.0,0.0,34.0,206.00099999999998,22.0,117592.03571428572,92673.0,16.0,13.0,0.0,43.0,204.123,16.0,101005.67857142855,95448.0,0.0
236,14.0,19.0,0.0,47.0,196.387,14.0,108483.74545454542,99923.0,19.0,6.0,8.0,48.0,205.582,19.0,115221.8596491228,92862.0,9.0,5.0,10.0,42.0,202.74900000000002,9.0,99877.1052631579,96095.0,0.0
237,16.0,20.0,0.0,42.0,195.1,16.0,108902.94545454544,100582.0,17.0,15.0,0.0,48.0,205.917,17.0,116172.89285714286,92711.0,21.0,14.0,0.0,49.0,204.312,22.0,101113.66071428572,95360.0,0.0
238,20.0,21.0,0.0,42.0,192.37099999999998,20.0,109003.6909090909,102009.0,22.0,19.0,0.0,15.0,203.424,21.0,99412.23529411764,93847.0,20.0,17.0,0.0,47.0,201.512,21.0,101504.01785714287,96685.0,0.0
239,19.0,22.0,0.0,26.0,191.951,19.0,109043.07272727274,102232.0,13.0,11.0,0.0,14.0,205.37599999999998,14.0,115420.42105263154,92955.0,19.0,22.0,0.0,37.018198790125616,205.94250158551608,20.0,99938.53493928337,96886.68682409066,0.0
240,3.0,1.0,25.0,36.0,207.65200000000002,3.0,98831.12280701754,93826.0,2.0,1.0,25.0,53.0,220.351,2.0,88625.82456140351,86638.0,2.0,2.0,18.0,40.0,205.648,2.0,104685.85714285713,95423.0,317.0
241,2.0,2.0,18.0,46.0,209.952,2.0,98947.9649122807,92798.0,1.0,2.0,18.0,44.0,219.351,1.0,88800.82456140351,87033.0,1.0,1.0,25.0,44.0,205.745,1.0,104574.25,95378.0,363.0
242,1.0,3.0,15.0,33.0,207.076,1.0,99188.9649122807,94087.0,3.0,3.0,15.0,56.0,220.465,3.0,88823.19298245614,86593.0,3.0,6.0,8.0,41.0,204.734,3.0,105445.82142857145,95849.0,305.0
243,5.0,4.0,12.0,55.0,207.887,5.0,99225.42105263156,93720.0,4.0,4.0,12.0,56.0,220.605,4.0,89018.68421052633,86538.0,4.0,5.0,10.0,42.0,204.40599999999998,4.0,105432.75,96003.0,205.0
244,4.0,5.0,10.0,42.0,208.387,4.0,99521.40350877194,93495.0,0.0,17.0,0.0,21.0,213.43099999999998,10.0,98880.04,89447.0,5.0,4.0,12.0,36.0,202.74099999999999,5.0,105396.30357142855,96791.0,200.0
245,8.0,6.0,8.0,39.0,206.705,8.0,99784.2105263158,94256.0,7.0,6.0,8.0,49.0,216.83,7.0,90088.73684210527,88045.0,6.0,14.0,0.0,50.0,203.33,6.0,107716.10909090909,96511.0,43.0
246,18.0,7.0,6.0,39.0,205.933,18.0,99929.47368421053,94609.0,10.0,7.0,6.0,56.0,216.115,11.0,90492.48214285713,88336.0,8.0,9.0,2.0,55.0,203.28799999999998,8.0,106910.72727272726,96531.0,100.0
247,9.0,8.0,4.0,33.0,205.19799999999998,9.0,100144.54385964911,94948.0,6.0,20.0,0.0,12.0,211.68900000000002,6.0,91334.07692307694,90183.0,19.0,11.0,0.0,50.0,201.162,17.0,107259.94545454544,97551.0,28.0
248,7.0,9.0,2.0,40.0,204.28599999999997,7.0,100237.9298245614,95372.0,11.0,11.0,0.0,55.0,215.74900000000002,12.0,91448.66071428572,88486.0,7.0,12.0,0.0,36.0,200.21,7.0,107566.36363636363,98015.0,43.0
249,14.0,10.0,1.0,39.0,204.7,14.0,100510.26315789473,95179.0,13.0,10.0,1.0,55.0,215.77599999999998,14.0,91430.625,88475.0,17.0,10.0,1.0,55.0,202.23,20.0,107030.32727272727,97036.0,87.0
250,11.0,12.0,0.0,45.0,205.118,11.0,100810.41071428572,94985.0,9.0,9.0,2.0,51.0,220.165,9.0,90758.67857142855,86711.0,9.0,17.0,0.0,18.0,196.05900000000003,9.0,122014.44444444445,100090.0,5.0
251,10.0,13.0,0.0,43.0,203.90099999999998,10.0,100939.92857142855,95552.0,19.0,19.0,0.0,6.0,207.06900000000002,20.0,96512.2,92195.0,20.0,13.0,0.0,47.0,199.87099999999998,18.0,107603.61818181818,98181.0,8.0
252,15.0,14.0,0.0,47.0,203.80900000000003,15.0,101404.44444444444,95595.0,12.0,14.0,0.0,48.0,211.938,13.0,91728.38,90077.0,13.0,16.0,0.0,31.0,197.23,13.0,111278.27272727274,99496.0,17.0
253,19.0,15.0,0.0,35.0,204.9,19.0,101414.46,95086.0,14.0,18.0,0.0,18.0,207.391,15.0,94355.71428571428,92052.0,14.0,15.0,0.0,50.0,196.763,14.0,108233.74545454542,99732.0,0.0
254,16.0,16.0,0.0,8.0,198.755,16.0,99045.0,98026.0,8.0,8.0,4.0,53.0,217.74,8.0,90515.58928571428,87677.0,11.0,7.0,6.0,30.0,201.47799999999998,11.0,105875.91071428572,97398.0,54.0
255,12.0,17.0,0.0,10.0,202.31099999999998,12.0,100738.91666666669,96303.0,20.0,16.0,0.0,38.0,213.56900000000002,19.0,92860.525,89389.0,10.0,20.0,0.0,36.584249460250746,205.74308108142668,10.0,100429.35378874114,96962.39853559334,40.0
256,6.0,18.0,0.0,4.0,201.52,6.0,97499.09090909091,96681.0,5.0,5.0,10.0,43.0,219.525,5.0,89131.56140350876,86964.0,16.0,3.0,15.0,31.0,202.886,19.0,105381.25,96722.0,168.0
257,20.0,19.0,0.0,6.0,197.362,20.0,100029.625,98718.0,17.0,15.0,0.0,46.0,218.011,17.0,93984.71739130435,87568.0,12.0,8.0,4.0,35.0,201.209,12.0,106651.70909090908,97528.0,19.0
258,17.0,20.0,0.0,40.33376695317006,172.06248699190033,17.0,126699.29592982032,114103.15329758021,18.0,13.0,0.0,53.0,213.44799999999998,18.0,92705.58181818182,89440.0,15.0,18.0,0.0,15.0,193.412,16.0,126416.47058823527,101460.0,13.0
